{
  "config": "Config(cat_enc=tfidf, cat_target=both, text=tfidf, balance=smote_hybrid)",
  "models": {
    "logreg": {
      "accuracy": 0.572289156626506,
      "misclassification_rate": 0.42771084337349397,
      "f1_score": 0.5139575588799574,
      "precision_score": 0.5014540899634068,
      "recall_score": 0.5560981702622568,
      "log_loss": 1.2085911633380693,
      "carbon_emissions": 1.1753668435932176e-05
    }
  },
  "preprocess_time": 91.34331393241882
}