{
  "config": "Config(cat_enc=tfidf, cat_target=Gene, text=tfidf, balance=smote_hybrid)",
  "models": {
    "logreg": {
      "accuracy": 0.536144578313253,
      "misclassification_rate": 0.463855421686747,
      "f1_score": 0.48888759235171325,
      "precision_score": 0.47470232341721985,
      "recall_score": 0.5327359793820062,
      "log_loss": 1.2631371403554068,
      "carbon_emissions": 1.3581220877546848e-05
    }
  },
  "preprocess_time": 78.06264424324036
}