{
  "config": "Config(cat_enc=tfidf, cat_target=Gene, text=truncated, balance=none)",
  "models": {
    "logreg": {
      "accuracy": 0.46686746987951805,
      "misclassification_rate": 0.5331325301204819,
      "f1_score": 0.37773806813157657,
      "precision_score": 0.3684524820855902,
      "recall_score": 0.42525840745654986,
      "log_loss": 1.4369946225289658,
      "carbon_emissions": 3.2296315237814786e-06
    }
  },
  "preprocess_time": 39.12860679626465
}