{
  "config": "Config(cat_enc=tfidf, cat_target=Variation, text=tfidf, balance=smote_undersample)",
  "models": {
    "logreg": {
      "accuracy": 0.5542168674698795,
      "misclassification_rate": 0.4457831325301205,
      "f1_score": 0.4660654410140552,
      "precision_score": 0.4581452747930252,
      "recall_score": 0.49861418251511125,
      "log_loss": 1.2469328325133284,
      "carbon_emissions": 1.2316884856204627e-05
    }
  },
  "preprocess_time": 79.38275933265686
}