{
  "config": "Config(cat_enc=tfidf, cat_target=both, text=truncated, balance=none)",
  "models": {
    "logreg": {
      "accuracy": 0.4939759036144578,
      "misclassification_rate": 0.5060240963855422,
      "f1_score": 0.43883424014246003,
      "precision_score": 0.4395874348910181,
      "recall_score": 0.47618515242354253,
      "log_loss": 1.3584115678904258,
      "carbon_emissions": 3.1390986327371692e-06
    }
  },
  "preprocess_time": 38.42662477493286
}