{
  "config": "Config(cat_enc=tfidf, cat_target=Gene, text=first_last, balance=none)",
  "models": {
    "logreg": {
      "accuracy": 0.4578313253012048,
      "misclassification_rate": 0.5421686746987953,
      "f1_score": 0.3393362688249526,
      "precision_score": 0.3537177548241415,
      "recall_score": 0.3553120273450511,
      "log_loss": 1.4324428081634444,
      "carbon_emissions": 3.206605335964829e-06
    }
  },
  "preprocess_time": 37.31813955307007
}