{
  "config": "Config(cat_enc=tfidf, cat_target=Gene, text=truncated, balance=smote_hybrid)",
  "models": {
    "logreg": {
      "accuracy": 0.4578313253012048,
      "misclassification_rate": 0.5421686746987953,
      "f1_score": 0.32426721114817636,
      "precision_score": 0.3294603732284892,
      "recall_score": 0.34216791979949873,
      "log_loss": 1.40447240913246,
      "carbon_emissions": 3.910485628735063e-06
    }
  },
  "preprocess_time": 46.18946862220764
}