{
  "config": "Config(cat_enc=tfidf, cat_target=Gene, text=truncated, balance=smote_oversample)",
  "models": {
    "logreg": {
      "accuracy": 0.4578313253012048,
      "misclassification_rate": 0.5421686746987953,
      "f1_score": 0.32426721114817636,
      "precision_score": 0.3294603732284892,
      "recall_score": 0.34216791979949873,
      "log_loss": 1.4044724091327148,
      "carbon_emissions": 3.642650572202155e-06
    }
  },
  "preprocess_time": 74.39341759681702
}