{
  "config": "Config(cat_enc=tfidf, cat_target=both, text=first_last, balance=none)",
  "models": {
    "logreg": {
      "accuracy": 0.5090361445783133,
      "misclassification_rate": 0.49096385542168675,
      "f1_score": 0.3691797626566528,
      "precision_score": 0.3723332105573865,
      "recall_score": 0.38591536029616524,
      "log_loss": 1.3527671866771294,
      "carbon_emissions": 3.7314832587921437e-06
    }
  },
  "preprocess_time": 60.857962131500244
}